{"RandomAgent": 95.34244047126279, "MinimaxAgent": 379.72042385796567, "rlAgent": 97.22739397972862, "StockfishAgent": 996.0749175103581}