{"RandomAgent": 197.00722541388666, "MinimaxAgent": 435.2507713734973, "rlAgent": 164.4162379369114, "StockfishAgent": 876.1809912114564}