{"RandomAgent": 133.88975969003098, "MinimaxAgent": 366.67035733712873, "rlAgent": 170.21274884866034, "StockfishAgent": 961.5923099434963}