{"RandomAgent": 26.479285665096278, "MinimaxAgent": 715.5311824828765, "rlAgent": 24.324308783705714, "StockfishAgent": 1024.372733336615}