{"RandomAgent": 34.272796201509706, "MinimaxAgent": 709.6618908898881, "rlAgent": 38.4000898402806, "StockfishAgent": 1024.372733336615}