{"RandomAgent": 140.56637420227992, "MinimaxAgent": 334.2913413328813, "rlAgent": 147.91515034065864, "StockfishAgent": 961.5923099434963}