{"RandomAgent": 141.38683510395103, "MinimaxAgent": 334.2913413328813, "rlAgent": 147.0946894389877, "StockfishAgent": 961.5923099434963}