{"RandomAgent": 119.06592641923308, "MinimaxAgent": 351.4218921501313, "rlAgent": 99.97077265803323, "StockfishAgent": 997.9065845919174}