{"RandomAgent": 180.01806724463563, "MinimaxAgent": 452.23992954274826, "rlAgent": 260.4162379369114, "StockfishAgent": 876.1809912114564}