{"RandomAgent": 164.40302719291003, "MinimaxAgent": 334.2913413328813, "rlAgent": 124.07849735002867, "StockfishAgent": 961.5923099434963}