{"RandomAgent": 141.4608442620434, "MinimaxAgent": 334.2913413328813, "rlAgent": 147.02068028089525, "StockfishAgent": 961.5923099434963}