{"RandomAgent": 64.107532104656, "MinimaxAgent": 721.3060056773703, "rlAgent": 71.23719829656275, "StockfishAgent": 1024.372733336615}