{"RandomAgent": 63.63187737099345, "MinimaxAgent": 174.09103893821148, "rlAgent": 124.84688079994193, "StockfishAgent": 819.430202890853}