{"RandomAgent": 172.5355982612217, "MinimaxAgent": 417.0329824877668, "rlAgent": 50.42386173371126, "StockfishAgent": 1024.372733336615}