{"RandomAgent": 39.01641367521151, "MinimaxAgent": 721.3060056773703, "rlAgent": 62.686576304439996, "StockfishAgent": 1024.372733336615}