{"RandomAgent": 160.10526814575238, "MinimaxAgent": 410.0686593783113, "rlAgent": 165.81851495863603, "StockfishAgent": 1024.372733336615}