{"RandomAgent": 261.93205084608945, "MinimaxAgent": 453.9910027903855, "rlAgent": 160.07694636352355}