{"RandomAgent": -2363.60710144153, "MinimaxAgent": -1843.936422662285, "rlAgent": -2096.4564758961847}