{"RandomAgent": -2233.272898533244, "MinimaxAgent": -1843.936422662285, "rlAgent": -2226.790678804471}