{"RandomAgent": 79.42389573222933, "MinimaxAgent": 415.45622977124356, "rlAgent": 125.06992318282508, "StockfishAgent": 964.4151271330181}