{"RandomAgent": 38.26598190272167, "MinimaxAgent": 751.9483818579463, "rlAgent": 26.139774647430933, "StockfishAgent": 1024.372733336615}