{"RandomAgent": 159.41708091005933, "MinimaxAgent": 411.3636298546925, "rlAgent": 165.211731717948, "StockfishAgent": 1024.372733336615}