{"RandomAgent": 211.15935618156539, "MinimaxAgent": 453.9910027903855, "rlAgent": 210.84964102804767}