{"RandomAgent": 160.103859037545, "MinimaxAgent": 410.0686593783113, "rlAgent": 165.8199240668434, "StockfishAgent": 1024.372733336615}