{"RandomAgent": 56.46280562259621, "MinimaxAgent": 721.3060056773703, "rlAgent": 64.88579151904551, "StockfishAgent": 1024.372733336615}