{"RandomAgent": 68.05644306794885, "MinimaxAgent": 721.3060056773703, "rlAgent": 74.51756338191602, "StockfishAgent": 1024.372733336615}