{"RandomAgent": 119.06592641923308, "MinimaxAgent": 354.25456127697703, "rlAgent": 97.13810353118754, "StockfishAgent": 997.9065845919174}