{"RandomAgent": 205.34477733364147, "MinimaxAgent": 515.344106181583, "rlAgent": 235.31111648477417}