{RandomAgent": 37.25484766253856, "MinimaxAgent": 727.2990257972132, "rlAgent": 42.45512219726995, "StockfishAgent": 1024.372733336615}