{"RandomAgent": 130.0337399844258, "MinimaxAgent": 370.5263770427339, "rlAgent": 154.21274884866034, "StockfishAgent": 961.5923099434963}