{"RandomAgent": 93.42709901448919, "MinimaxAgent": 379.72042385796567, "rlAgent": 99.14273543650219, "StockfishAgent": 996.0749175103581}