{"RandomAgent": 159.45419552971998, "MinimaxAgent": 411.3636298546925, "rlAgent": 165.17461709828734, "StockfishAgent": 1024.372733336615}