{"RandomAgent": 187.32044109496115, "MinimaxAgent": 479.68335404781527, "rlAgent": 432.9962048572222}