{"RandomAgent": 122.80732417613135, "MinimaxAgent": 369.5895933226078, "rlAgent": 162.3759483770808, "StockfishAgent": 961.5923099434963}