{"RandomAgent": 99.33214096678398, "MinimaxAgent": 415.45622977124356, "rlAgent": 105.16167794827044, "StockfishAgent": 964.4151271330181}