{"RandomAgent": 134.85313418278352, "MinimaxAgent": 552.114919708604, "rlAgent": 413.03194610861203}