{"RandomAgent": 98.32955950306827, "MinimaxAgent": 415.45622977124356, "rlAgent": 106.16425941198615, "StockfishAgent": 964.4151271330181}