{"RandomAgent": 182.82441254718736, "MinimaxAgent": 400, "rlAgent": 617.1755874528125}