{"RandomAgent": 145.67095684165022, "MinimaxAgent": 411.3636298546925, "rlAgent": 178.957855786357, "StockfishAgent": 1024.372733336615}