{"RandomAgent": 149.18244396591655, "MinimaxAgent": 417.0329824877668, "rlAgent": 73.7770160290164, "StockfishAgent": 1024.372733336615}