{"RandomAgent": -2240.072453493627, "MinimaxAgent": -1843.936422662285, "rlAgent": -2219.9911238440877}