{"RandomAgent": 100.27198206442282, "MinimaxAgent": 379.72042385796567, "rlAgent": 92.29785238656858, "StockfishAgent": 996.0749175103581}