{"RandomAgent": 113.65226720957689, "MinimaxAgent": 381.7959414401508, "rlAgent": 143.32465722609217, "StockfishAgent": 961.5923099434963}